1662969420,áo khoác nam màu xanh,đen,103,100000.0
1662969459,áo thun nam tay lỡ,vàng,100,200000.0
1662969485,áo len nam,nâu,100,500000.0
1662985261,áo nam form rộng,den,60,100000.0
1662985315,áo ba lổ,trắng,32,100000.0
1662985377,quần âu nam ,xanh nhạt,40,200000.0
1662985414,mũ lưỡi trai,đen,20,55000.0
1662985483,áo sơ mi form rộng,trắng,40,100000.0
1663043419,quần kaki nam,den,80,50000.0
1663044399,áo quần đá bóng nam,do,38,500000.0
1663052604,ao thun nam,vang,51,1000000.0
1663064718,áo thun cao nam cao cấp,trang,10,45000.0
1663121828,áo khoác da,vang,88,500000.0
1663122864,ao khoac long thu,xanh,58,300000.0
1663144907,ao so mi,xanh,28,300000.0
1663150020,áo dạ,xanh,38,500000.0
